dt_s,method,rms_state_error,max_physical_energy_balance_defect
0.1,Implicit midpoint,0.002135699,3.363985e-06
0.1,SAV,0.001180014,0.0002989706
0.1,EC-SAV,0.0004989273,5.117434e-17
0.05,Implicit midpoint,0.000532233,4.318389e-07
0.05,SAV,0.0002941866,3.764176e-05
0.05,EC-SAV,0.0001292944,7.437627e-17
0.025,Implicit midpoint,0.0001329503,5.417005e-08
0.025,SAV,7.349542e-05,4.717224e-06
0.025,EC-SAV,3.346376e-05,9.985502e-17
0.0125,Implicit midpoint,3.323079e-05,6.784456e-09
0.0125,SAV,1.837065e-05,5.897665e-07
0.0125,EC-SAV,8.546021e-06,1.200212e-16
