Method,dt_ms,Max_physical_energy_drift,End_physical_energy_drift,Max_modified_energy_drift
RK4,5.0,1.9525359107319673e-10,-1.5934631392156007e-10,
Trapezoidal,5.0,5.803663517545132e-06,5.781902003176853e-06,
Implicit midpoint,5.0,2.901626162454818e-06,-2.8906429845321213e-06,
SAV-CN,5.0,1.0323201617368216e-05,-1.2708456897936315e-06,7.93809462606987e-15
RK4,10.0,4.801173791868507e-09,-4.230722217002381e-09,
Trapezoidal,10.0,2.3215179837166033e-05,2.3130478320920744e-05,
Implicit midpoint,10.0,1.1604300513390342e-05,-1.1560327308979268e-05,
SAV-CN,10.0,4.127569439443812e-05,-5.079241184979821e-06,7.993605777301127e-15
RK4,20.0,1.303517667139431e-07,-1.2138158012042766e-07,
Trapezoidal,20.0,9.286918041762071e-05,9.256599841878099e-05,
Implicit midpoint,20.0,4.6381968413555796e-05,-4.620543548372602e-05,
SAV-CN,20.0,0.00016511163916244076,-2.0251002623261627e-05,9.658940314238862e-15
RK4,50.0,1.1300505215583456e-05,-1.0962327801511407e-05,
Trapezoidal,50.0,0.0005808159826361514,0.0005800298145841598,
Implicit midpoint,50.0,0.0002883547803724795,-0.00028722579172368867,
SAV-CN,50.0,0.0010311086920861134,-0.0001237664446975817,4.884981308350689e-15
