case,h,epsilon,epsilon_order,kinetic_state_correction,kinetic_correction_order,potential_state_correction,potential_correction_order,auto_branch,auto_energy_balance_defect,defect_identity_error
regular,0.1,5.1404331247173474e-05,nan,0.00012418560978003784,nan,0.00014028482898966534,nan,kinetic,2.220446049250313e-16,2.3505503099485736e-16
regular,0.05,6.6607465352142015e-06,2.9481341352704873,1.5303414494994963e-05,3.0205725206923058,1.8801617270099806e-05,2.899430328563328,kinetic,1.1102230246251565e-16,1.0842021724855044e-16
regular,0.025,8.471824342048961e-07,2.974939301968091,1.9007018437871103e-06,3.0092494381802037,2.435355490946145e-06,2.948652480179532,kinetic,1.1102230246251565e-16,-1.573177352276467e-16
regular,0.0125,1.0680609197066815e-07,2.98767873892928,2.368671335038398e-07,3.004382302944863,3.099519357461984e-07,2.974015959918174,kinetic,3.3306690738754696e-16,2.953366717850514e-16
regular,0.00625,1.3407418952837702e-08,2.9938904998537854,2.9564659761428027e-08,3.0021324519694854,3.909672172821214e-08,2.98692496678376,kinetic,3.3306690738754696e-16,3.7266739173758e-16
regular,0.003125,1.679464789461349e-09,2.9969580779499956,3.692888783045012e-09,3.0010519548924766,4.909359680541462e-09,2.9934408685392953,kinetic,0.0,-4.8518047218726323e-17
turning,0.1,1.6159979621122034e-06,nan,4.768894560400726e-05,nan,4.749383006854922e-06,nan,potential,0.0,-1.2675848055660605e-16
turning,0.05,1.013222046264417e-07,3.9954031001497903,5.960103076023957e-06,3.0002456988287274,2.971278977956407e-07,3.998584131357731,potential,2.5979218776228663e-14,-3.769741307578945e-17
turning,0.025,6.344794023505074e-09,3.99723323388357,7.45100209969628e-07,2.9998309067704096,1.8595896005570565e-08,3.9980279003160577,potential,0.0,-2.928014492343601e-16
turning,0.0125,3.9696224085616905e-10,3.9984996398712243,9.31476830076221e-08,2.999842680914891,1.1632924540410717e-09,3.998698519031142,potential,2.220446049250313e-16,2.107497961133933e-16
turning,0.00625,2.4823920696803725e-11,3.9991988861701175,1.164441716329058e-08,2.999881453142657,7.2743658909163e-11,3.999248535335236,potential,2.220446049250313e-16,9.28217661740162e-17
turning,0.003125,1.5516476992161188e-12,3.999858056434672,1.4553482586098252e-09,3.000202099994557,4.546929640532164e-12,3.999856908241382,potential,4.440892098500626e-16,3.4503389197958895e-16
