method,dt_s,rms_state_error,end_physical_energy_error
Implicit midpoint,0.1,0.0028446419,1.1561705e-05
Implicit midpoint,0.05,0.0007225729,2.8406943e-06
Implicit midpoint,0.025,0.0001813695,7.069178e-07
Implicit midpoint,0.0125,4.5388e-05,1.7652436e-07
SAV,0.1,0.0008947445,0.0028108676
SAV,0.05,0.0002233529,0.00070065623
SAV,0.025,5.58178e-05,0.0001750318
SAV,0.0125,1.39532e-05,4.3749631e-05
EC-SAV,0.1,0.0010396497,1.110223e-16
EC-SAV,0.05,0.0002577883,5.5511151e-17
EC-SAV,0.025,6.48225e-05,0.0
EC-SAV,0.0125,1.62944e-05,5.5511151e-17
