method,time_s,min_frequency_deviation_hz,max_abs_frequency_deviation_hz,angle_spread_deg,min_voltage_pu,max_gfm_current_A,balance_residual,predictor_defect,correction_norm,limited_gfm_count,max_virtual_r1,event
sav,0.1,-5.715059193254758e-15,5.715059193254758e-15,1.1108348255382919e-13,0.9937386217747707,109.13825709767588,1.167372102393699e-28,0.0,0.0,0,0.01,
sav,0.2,-8.426567953811859e-15,8.426567953811859e-15,3.6579842509068787e-13,0.9937386217747715,109.1382570976898,3.157153846674663e-28,0.0,0.0,0,0.01,
sav,0.25,-9.215571294931082e-15,9.215571294931082e-15,5.159080054976016e-13,0.9937386217747693,109.13825709763506,3.055484967875433e-28,0.0,0.0,0,0.01,
sav,0.35,-0.00039134053463051207,0.00039134053463051207,0.012898186220364894,0.9922626778806338,119.35032375796679,5.855449282217451e-09,6.754710568657174e-09,0.0,1,0.060000000000000005,open:sw2@0.25s;current-limit
sav,0.44999999999999996,-0.000662700278396795,0.000662700278396795,0.03963850776257571,0.9922576089041428,119.8017669955184,9.34193336700286e-09,1.122916160056775e-08,0.0,1,0.060000000000000005,
sav,0.5,-0.0008289102188304464,0.0008289102188304464,0.06244509846341107,0.9914250697297154,112.5320947571232,3.876029340439509e-09,7.343039953866537e-09,0.0,1,0.11000000000000001,current-limit
sav,0.6,-0.0013682118854213955,0.0013682118854213955,0.12023422544203693,0.9913291066978775,116.96550759162804,4.339713217965495e-08,6.522288842347734e-08,0.0,1,0.11000000000000001,pickup:s47+s48+s49a+s49b+s49c@0.5s
sav,0.7,-0.001649191339829092,0.001649191339829092,0.18921273001172506,0.9905132950328865,117.41421158827079,1.0185879699106313e-07,2.200253952366893e-07,0.0,1,0.17600000000000005,current-limit
sav,0.7999999999999999,-0.0021129855636931273,0.0021129855636931273,0.2655548626221314,0.9873991553523926,118.1424625563713,5.998099004133196e-08,1.2220900913462174e-07,0.0,2,0.2816000000000001,current-limit
sav,0.8999999999999999,-0.002525667089892684,0.002525667089892684,0.35048538084249203,0.9871491135829898,115.23683311620525,3.5642101002637943e-08,1.5402660835661663e-07,0.0,2,0.2816000000000001,
sav,0.9999999999999999,-0.0027125111333514825,0.0027125111333514825,0.45311347532079554,0.9868531129265573,116.97867444825513,6.526862178840601e-08,4.189349738226156e-07,0.0,2,0.2816000000000001,
sav,1.0999999999999999,-0.0028554896525275083,0.0028554896525275083,0.5954181371571109,0.9803487195200754,118.67056155963515,7.322943236095846e-09,3.0154478025679055e-08,0.0,2,0.4505600000000001,pickup:s76a+s76b+s76c+s77b@1s;current-limit
sav,1.2,-0.0030634607809011043,0.0030634607809011043,0.7383402251495865,0.9801643103678374,118.02997270438729,4.562101375646811e-09,3.962043848559915e-08,0.0,2,0.4505600000000001,
sav,1.3,-0.0031611226026963327,0.0031611226026963327,0.8844308297655066,0.96419217651696,116.52389348555067,4.893390271621127e-09,8.290679787137378e-08,0.0,2,0.7208960000000002,current-limit
sav,1.4000000000000001,-0.0030413434073148296,0.0030413434073148296,1.0242018970430704,0.9643247032833953,118.70564660107553,4.249168214810468e-09,8.632796166807566e-08,0.0,2,0.7208960000000002,
sav,1.5,-0.0029442267216003514,0.0029442267216003514,1.152390791342751,0.9448585253395201,112.87544623188504,7.418430106656131e-09,2.2724872295043497e-07,0.0,2,1.1534336000000003,current-limit
minimum-balance,0.1,-5.715059193254758e-15,5.715059193254758e-15,1.1108348255382919e-13,0.9937386217747707,109.13825709767588,1.167372102393699e-28,0.0,0.0,0,0.01,
minimum-balance,0.2,-8.426567953811859e-15,8.426567953811859e-15,3.6579842509068787e-13,0.9937386217747648,109.13825709765057,3.194788443717934e-28,0.0,0.0,0,0.01,
minimum-balance,0.25,-9.206257421616893e-15,9.206257421616893e-15,5.139965565764479e-13,0.9937386217747669,109.13825709763825,3.016625479387532e-28,0.0,0.0,0,0.01,
minimum-balance,0.35,-0.0003894380786938459,0.0003894380786938459,0.013012874843378352,0.9922626847884104,119.3497085396733,8.905724960229575e-12,6.754710568657174e-09,5.204537715455645e-06,1,0.060000000000000005,open:sw2@0.25s;current-limit
minimum-balance,0.44999999999999996,-0.0006594148187913518,0.0006594148187913518,0.03972767318756013,0.992257598205825,119.80271974432686,1.6183767820855007e-11,1.1233858288051124e-08,5.8276406973462455e-06,1,0.060000000000000005,
minimum-balance,0.5,-0.0008275271288905801,0.0008275271288905801,0.06241157031520082,0.9914250471912531,112.53313646527542,3.1535326608801188e-12,3.895195277436869e-09,2.4681966737255507e-06,1,0.11000000000000001,current-limit
minimum-balance,0.6,-0.0013556463569662613,0.0013556463569662613,0.1201438681378959,0.9913293197796135,116.9556683828452,1.8211335459634833e-10,6.528334495214949e-08,1.892903745286634e-05,1,0.11000000000000001,pickup:s47+s48+s49a+s49b+s49c@0.5s
minimum-balance,0.7,-0.0016182519324485023,0.0016182519324485023,0.1884681403703192,0.9905157777684336,117.45273722486522,6.424838999628634e-10,1.522955308530527e-07,3.5480346893093744e-05,1,0.17600000000000005,current-limit
minimum-balance,0.7999999999999999,-0.0020820846169319006,0.0020820846169319006,0.26352714308926706,0.9874029757246511,118.19152254067822,1.6066193678110244e-10,1.2344910160777545e-07,1.8277558287820624e-05,2,0.2816000000000001,current-limit
minimum-balance,0.8999999999999999,-0.002500586250011254,0.002500586250011254,0.3473635491265216,0.9871549380738529,115.29750126149528,3.60337164896605e-11,1.5580680212679e-07,9.049501439559279e-06,2,0.2816000000000001,
minimum-balance,0.9999999999999999,-0.0026900734164051364,0.0026900734164051364,0.44948347227793894,0.9868608949223657,116.71604987767398,7.523882668252619e-11,2.6900668359530755e-07,1.4121868721166786e-05,2,0.2816000000000001,
minimum-balance,1.0999999999999999,-0.0028435298015597192,0.0028435298015597192,0.5914003893365769,0.9803538833273703,118.6944025592497,4.0055086085791485e-13,2.7214642983608428e-08,1.1715499144680051e-06,2,0.4505600000000001,pickup:s76a+s76b+s76c+s77b@1s;current-limit
minimum-balance,1.2,-0.0030561949675696224,0.0030561949675696224,0.7341934728198682,0.9801696849515217,118.04281898435929,1.372732494082235e-13,4.058957969732546e-08,7.192392739045903e-07,2,0.4505600000000001,
minimum-balance,1.3,-0.0031572147069143645,0.0031572147069143645,0.8802850818315273,0.9641882246429364,116.46041727041373,1.1537943655505999e-13,4.533024267061592e-08,6.91242840769973e-07,2,0.7208960000000002,current-limit
minimum-balance,1.4000000000000001,-0.003039148754681098,0.003039148754681098,1.020155745444841,0.964320889863928,118.64136083669334,5.5820352138323537e-14,8.624274627777595e-08,5.079718653311572e-07,2,0.7208960000000002,
minimum-balance,1.5,-0.002943236843956466,0.002943236843956466,1.1484610295889297,0.9448561646726016,112.84429003029986,1.34942353650783e-13,1.410020260550482e-07,7.995934499644102e-07,2,1.1534336000000003,current-limit
