amplitude,rho,balance_residual_r,chi,sqrt_chi,eta_pb,raw_lambda_linearized,exact_normalized_correction_s,balance_after_projection,unit_metric_normal_error,abs_r_over_rho2,chi_over_rho2,eta_over_rho,abs_s_over_rho
1.0,1.4043147795277242,-3.2937318539261184e-07,1.9720993412536294,1.4043145449840038,2.345437399114624e-07,1.6701652827652942e-07,2.3454372032512508e-07,-1.1102230246251565e-16,-2.220446049250313e-16,1.670164724875066e-07,0.9999996659670548,1.6701650038201568e-07,1.6701648643475997e-07
0.5,0.7021573897638621,-8.234329634815296e-08,0.49302483531340735,0.7021572724920019,1.172718699557312e-07,1.6701652827652942e-07,1.1727186016256254e-07,-2.7755575615628914e-17,-2.220446049250313e-16,1.670164724875066e-07,0.9999996659670548,1.6701650038201568e-07,1.6701648643475997e-07
0.25,0.35107869488193105,-2.058582408703824e-08,0.12325620882835184,0.35107863624600094,5.86359349778656e-08,1.6701652827652942e-07,5.863593008128127e-08,-6.938893903907228e-18,-2.220446049250313e-16,1.670164724875066e-07,0.9999996659670548,1.6701650038201568e-07,1.6701648643475997e-07
0.125,0.17553934744096553,-5.14645602175956e-09,0.03081405220708796,0.17553931812300047,2.93179674889328e-08,1.6701652827652942e-07,2.9317965040640634e-08,-1.734723475976807e-18,-2.220446049250313e-16,1.670164724875066e-07,0.9999996659670548,1.6701650038201568e-07,1.6701648643475997e-07
0.0625,0.08776967372048276,-1.28661400543989e-09,0.00770351305177199,0.08776965906150024,1.46589837444664e-08,1.6701652827652942e-07,1.4658982520320317e-08,-4.336808689942018e-19,-2.220446049250313e-16,1.670164724875066e-07,0.9999996659670548,1.6701650038201568e-07,1.6701648643475997e-07
0.03125,0.04388483686024138,-3.216535013599725e-10,0.0019258782629429975,0.04388482953075012,7.3294918722332e-09,1.6701652827652942e-07,7.329491260160159e-09,-1.0842021724855044e-19,-2.220446049250313e-16,1.670164724875066e-07,0.9999996659670548,1.6701650038201568e-07,1.6701648643475997e-07
0.015625,0.02194241843012069,-8.041337533999313e-11,0.00048146956573574937,0.02194241476537506,3.6647459361166e-09,1.6701652827652942e-07,3.6647456300800793e-09,-2.710505431213761e-20,-2.220446049250313e-16,1.670164724875066e-07,0.9999996659670548,1.6701650038201568e-07,1.6701648643475997e-07
0.0078125,0.010971209215060345,-2.010334383499828e-11,0.00012036739143393734,0.01097120738268753,1.8323729680583e-09,1.6701652827652942e-07,1.8323728150400397e-09,-6.776263578034403e-21,-2.220446049250313e-16,1.670164724875066e-07,0.9999996659670548,1.6701650038201568e-07,1.6701648643475997e-07
0.00390625,0.005485604607530173,-5.02583595874957e-12,3.0091847858484335e-05,0.005485603691343765,9.1618648402915e-10,1.6701652827652942e-07,9.161864075200198e-10,-1.6940658945086007e-21,-2.220446049250313e-16,1.670164724875066e-07,0.9999996659670548,1.6701650038201568e-07,1.6701648643475997e-07
0.001953125,0.0027428023037650863,-1.2564589896873926e-12,7.522961964621084e-06,0.0027428018456718824,4.58093242014575e-10,1.6701652827652942e-07,4.580932037600099e-10,-4.235164736271502e-22,-2.220446049250313e-16,1.670164724875066e-07,0.9999996659670548,1.6701650038201568e-07,1.6701648643475997e-07
0.0009765625,0.0013714011518825432,-3.1411474742184815e-13,1.880740491155271e-06,0.0013714009228359412,2.290466210072875e-10,1.6701652827652942e-07,2.2904660188000496e-10,-1.0587911840678754e-22,-2.220446049250313e-16,1.670164724875066e-07,0.9999996659670548,1.6701650038201568e-07,1.6701648643475997e-07
0.00048828125,0.0006857005759412716,-7.852868685546204e-14,4.7018512278881774e-07,0.0006857004614179706,1.1452331050364375e-10,1.6701652827652942e-07,1.1452330094000248e-10,-2.6469779601696886e-23,-2.220446049250313e-16,1.670164724875066e-07,0.9999996659670548,1.6701650038201568e-07,1.6701648643475997e-07
0.000244140625,0.0003428502879706358,-1.963217171386551e-14,1.1754628069720443e-07,0.0003428502307089853,5.7261655251821874e-11,1.6701652827652942e-07,5.726165047000124e-11,-6.617444900424222e-24,-2.220446049250313e-16,1.670164724875066e-07,0.9999996659670548,1.6701650038201568e-07,1.6701648643475997e-07
0.0,0.0,0.0,0.0,0.0,0.0,0.0,0.0,0.0,0.0,0.0,0.0,0.0,0.0
