amplitude,rho,h,base_order_p,balance_residual_r,chi,sqrt_chi,raw_lambda_linearized,eta_pb,exact_normalized_correction_s,balance_after_projection,r_over_h_p1_rho4,chi_over_rho6,eta_over_h_p1_rho,abs_s_over_h_p1_rho
1.0,1.0,0.1,4,2.0000000000000008e-06,1.0,1.0,-2.0000000000000008e-06,2.0000000000000008e-06,-2.0000060000358033e-06,0.0,0.20000000000000004,1.0,0.20000000000000004,0.20000060000358028
0.1,0.1,0.1,4,2.000000000000001e-10,1.0000000000000004e-06,0.0010000000000000002,-0.00020000000000000004,2.0000000000000007e-07,-2.0000059999802922e-07,6.776263578034403e-21,0.2,1.0,0.19999999999999998,0.20000059999802913
0.01,0.01,0.1,4,2.000000000000001e-14,1.0000000000000004e-12,1.0000000000000002e-06,-0.02,2.0000000000000007e-08,-2.000006000049681e-08,0.0,0.20000000000000004,1.0000000000000002,0.20000000000000004,0.20000060000496805
0.001,0.001,0.1,4,2.0000000000000013e-18,1e-18,1e-09,-2.0000000000000013,2.0000000000000014e-09,-2.000006000006313e-09,0.0,0.20000000000000007,1.0,0.20000000000000007,0.20000060000063122
0.0001,0.0001,0.1,4,2.0000000000000013e-22,1.0000000000000003e-24,1.0000000000000002e-12,-200.00000000000006,2.0000000000000008e-10,-2.000005999979208e-10,6.162975822039155e-33,0.20000000000000004,1.0,0.20000000000000004,0.20000059999792075
9.999999999999999e-06,9.999999999999999e-06,0.1,4,2e-26,9.999999999999994e-31,9.999999999999997e-16,-20000.000000000015,2.000000000000001e-11,-2.0000060000130893e-11,0.0,0.2,0.9999999999999998,0.20000000000000004,0.2000006000013089
1e-06,1e-06,0.1,4,2e-30,9.999999999999998e-37,9.999999999999999e-19,-2000000.0000000007,2.0000000000000004e-12,-2.0000060000130893e-12,4.591774807899561e-41,0.20000000000000004,1.0,0.19999999999999998,0.20000060000130887
1e-07,1e-07,0.1,4,2.0000000000000003e-34,9.999999999999999e-43,1e-21,-200000000.00000006,2.0000000000000006e-13,-2.0000060000130893e-13,0.0,0.2,1.0000000000000002,0.2,0.2000006000013089
1e-08,1e-08,0.1,4,2.000000000000001e-38,1.0000000000000003e-48,1.0000000000000001e-24,-20000000000.000004,2.0000000000000006e-14,-2.0000060000130893e-14,0.0,0.20000000000000004,1.0000000000000002,0.2,0.20000060000130887
0.0,0.0,0.1,4,0.0,0.0,0.0,0.0,0.0,0.0,0.0,0.0,0.0,0.0,0.0
