singular_order_ell,family,h,residual_r,correction_norm,residual_exponent,expected_correction_order,locally_reachable
2,generic_residual,0.2,-0.0003200000000000001,0.02529822128134704,5,2.5,True
2,generic_residual,0.1,-1.0000000000000003e-05,0.00447213595499958,5,2.5,True
2,generic_residual,0.05,-3.125000000000001e-07,0.000790569415042095,5,2.5,True
2,generic_residual,0.025,-9.765625000000002e-09,0.00013975424859373687,5,2.5,True
2,generic_residual,0.0125,-3.051757812500001e-10,2.4705294220065467e-05,5,2.5,True
2,order_preserving_residual,0.2,-1.0240000000000006e-07,0.00045254833995939054,10,5.0,True
2,order_preserving_residual,0.1,-1.0000000000000006e-10,1.4142135623730955e-05,10,5.0,True
2,order_preserving_residual,0.05,-9.765625000000005e-14,4.4194173824159233e-07,10,5.0,True
2,order_preserving_residual,0.025,-9.536743164062505e-17,1.381067932004976e-08,10,5.0,True
2,order_preserving_residual,0.0125,-9.31322574615479e-20,4.31583728751555e-10,10,5.0,True
2,positive_residual_unreachable,0.2,0.0003200000000000001,nan,5,nan,False
4,generic_residual,0.2,-0.0003200000000000001,0.18914832180063518,5,1.25,True
4,generic_residual,0.1,-1.0000000000000003e-05,0.07952707287670507,5,1.25,True
4,generic_residual,0.05,-3.125000000000001e-07,0.0334370152488211,5,1.25,True
4,generic_residual,0.025,-9.765625000000002e-09,0.014058533129758728,5,1.25,True
4,generic_residual,0.0125,-3.051757812500001e-10,0.005910885056269849,5,1.25,True
4,order_preserving_residual,0.2,-1.0485760000000012e-14,0.00045254833995939054,20,5.0,True
4,order_preserving_residual,0.1,-1.0000000000000011e-20,1.4142135623730955e-05,20,5.0,True
4,order_preserving_residual,0.05,-9.536743164062511e-27,4.4194173824159233e-07,20,5.0,True
4,order_preserving_residual,0.025,-9.094947017729293e-33,1.381067932004976e-08,20,5.0,True
4,order_preserving_residual,0.0125,-8.673617379884045e-39,4.31583728751555e-10,20,5.0,True
4,positive_residual_unreachable,0.2,0.0003200000000000001,nan,5,nan,False
