Method,dt_ms,CCT_s,CCT_error_ms,Relative_error_pct
RK4,1.0,0.19872078519139558,-0.0006608206548353035,0.00033253615455034055
Trapezoidal,1.0,0.19872082161430904,-0.0006243977413722401,0.0003142075271203375
Implicit midpoint,1.0,0.19872083488085918,-0.000611131191236014,0.0003075315742212117
SAV-CN,1.0,0.1987207100715409,-0.0007359405095053173,0.0003703377387162783
RK4,5.0,0.19870572256341787,-0.015723448632543047,0.007912305867374566
Trapezoidal,5.0,0.19870663903095145,-0.014806981098958172,0.00745112387017367
Implicit midpoint,5.0,0.1987069729948534,-0.014473017197008664,0.0072830675739602975
SAV-CN,5.0,0.19870383232018662,-0.01761369186378814,0.008863508301323476
RK4,10.0,0.1986841365559329,-0.037309456117518014,0.018774750720793154
Trapezoidal,10.0,0.19868786326753266,-0.033582744517757224,0.016899406275315033
Implicit midpoint,10.0,0.19868922165643016,-0.03222435562025283,0.01621584195713771
SAV-CN,10.0,0.1986764497002489,-0.04499631180152064,0.022642906794665775
RK4,20.0,0.19863932454845384,-0.08212146359656836,0.041324912456398154
Trapezoidal,20.0,0.19865474154082696,-0.06670447122344991,0.0335668205732586
Implicit midpoint,20.0,0.1986603563169438,-0.06108969510662532,0.030741370059737216
SAV-CN,20.0,0.1986075236000445,-0.1139224120059179,0.05732768872817566
RK4,50.0,0.19849043917379144,-0.23100683825896806,0.116246556622258
Trapezoidal,50.0,0.1985976594387737,-0.12378657327671849,0.062291501879073535
Implicit midpoint,50.0,0.19863617219733654,-0.08527381471387652,0.04291122897158545
SAV-CN,50.0,0.1982693931238606,-0.4520528881898078,0.22748067572052363
