method,h_s,cct_s,cct_error_ms
hybrid-ecsav,0.005,0.7085065232186942,0.0054687790005392145
RK4,0.005,0.7085010755546706,2.1114976878067182e-05
midpoint,0.005,0.7085254844678934,0.02443002819974005
sav,0.005,0.7084541580761399,-0.046896363553816656
ecsav,0.005,0.7085087191762853,0.007664736591639354
hybrid-ecsav,0.01,0.7085140401504482,0.012985710754476187
RK4,0.01,0.7085010755546706,2.1114976878067182e-05
midpoint,0.01,0.7085987956674695,0.09774122777583827
sav,0.01,0.7083135323304093,-0.18752210928441038
ecsav,0.01,0.7085278071153454,0.026752675651664504
hybrid-ecsav,0.02,0.7085086769463316,0.00762250663788322
RK4,0.02,0.7085011600145779,0.0001055748841682913
midpoint,0.02,0.7088936874339671,0.3926329942733897
sav,0.02,0.7077515361069309,-0.7495183327628219
ecsav,0.02,0.708585451002109,0.08439656241532312
hybrid-ecsav,0.04,0.7081752714620844,-0.3257829776093235
RK4,0.04,0.7085031448224004,0.0020903827067098035
midpoint,0.04,0.710075154847873,1.5741004081792909
sav,0.04,0.7055071407590789,-2.993913680614746
ecsav,0.04,0.7087026813535049,0.20162691381120368
