method,h,state_error,observed_order,kinetic_steps,potential_steps,max_energy_balance_defect
sav,0.1,0.0007004460505013029,nan,0,0,0.0
sav,0.05,0.0001822093324034472,1.942677083173721,0,0,0.0
sav,0.025,4.645705738248378e-05,1.9716271720379648,0,0,0.0
sav,0.0125,1.1728516181506997e-05,1.9858772717225808,0,0,0.0
sav,0.00625,2.9464853030188022e-06,1.9929535289600704,0,0,0.0
sav,0.003125,7.384206137994524e-07,1.9964803370572932,0,0,0.0
hybrid,0.1,6.0682823233101316e-05,nan,7,3,5.551115123125783e-16
hybrid,0.05,2.5985986448409742e-05,1.2235543818154555,17,3,1.021405182655144e-14
hybrid,0.025,9.010673098163764e-06,1.5280270412418215,37,3,1.5543122344752192e-15
hybrid,0.0125,2.523039485897896e-06,1.8364720946682478,77,3,6.661338147750939e-16
hybrid,0.00625,6.346823888085904e-07,1.9910560685258727,156,4,8.881784197001252e-16
hybrid,0.003125,1.6306824462054804e-07,1.9605589475557417,316,4,9.992007221626409e-16
