method,h_s,cct_s,cct_error_ms,max_spread_rad,correction_failures,min_scale,max_scale
RK4,0.005,0.6927313885347952,2.06450034845318e-05,3.1218626726368943,0,inf,-inf
midpoint,0.005,0.6927560799590458,0.024712069254029245,2.8759788712918937,0,inf,-inf
sav,0.005,0.6926855153368985,-0.04585255289324408,2.8759662652070985,0,inf,-inf
ecsav,0.005,0.6927396465362168,0.008278646425052827,2.8759631523109395,0,0.9998053738048973,1.0020118514716618
RK4,0.01,0.6927313885347952,2.06450034845318e-05,2.9725683044506424,0,inf,-inf
midpoint,0.01,0.6928302781018185,0.09891021202679262,2.875976030226571,0,inf,-inf
sav,0.01,0.6925480196132294,-0.18334827656230068,2.879370820977475,0,inf,-inf
ecsav,0.01,0.6927606218598277,0.02925397003594732,3.056146837483218,0,0.9992260238004349,1.0197291590701654
RK4,0.02,0.6927314711148095,0.0001032250177557259,2.875957242865116,0,inf,-inf
midpoint,0.02,0.6931285571131656,0.39718922337383944,2.8760330169147466,0,inf,-inf
sav,0.02,0.6919986973586667,-0.7326705311250237,2.9736922861392117,0,inf,-inf
ecsav,0.02,0.6928256536210224,0.09428573123071438,2.875705045189834,0,0.9966623523932817,1.0906293662741597
