machines,method,ms_per_step,avg_newton_iters,end_physical_energy_error
10,Implicit midpoint,0.77637044,2.0,2.691858e-09
10,SAV,0.05043059,0.0,1.281773e-05
10,EC-SAV,0.08405554,0.0,0.0
50,Implicit midpoint,0.98109437,2.0,4.955734e-08
50,SAV,0.05826743,0.0,7.230729e-05
50,EC-SAV,0.11854341,0.0,0.0
100,Implicit midpoint,1.26421432,2.0,3.022276e-07
100,SAV,0.05885709,0.0,0.0001187749
100,EC-SAV,0.12192904,0.0,0.0
200,Implicit midpoint,1.87583935,2.0,1.458178e-07
200,SAV,0.06012786,0.0,0.0002819152
200,EC-SAV,0.13391981,0.0,0.0
500,Implicit midpoint,7.39033822,2.0,2.617573e-07
500,SAV,0.10578997,0.0,0.0006458574
500,EC-SAV,0.21750711,0.0,0.0
1000,Implicit midpoint,25.3435834,2.0,2.367238e-06
1000,SAV,0.13586808,0.0,0.001238109
1000,EC-SAV,0.23062577,0.0,0.0
2000,Implicit midpoint,240.72924122,2.0,2.857267e-06
2000,SAV,0.6155006,0.0,0.00210991
2000,EC-SAV,0.68293254,0.0,0.0
