case,h,epsilon,epsilon_order,chi_h,sigma_h,lambda,correction_norm_h,correction_order,balance_residual,identity_error,newton_iterations,p_delta_norm,p_omega_norm
regular,0.1,5.1404331247173474e-05,nan,0.17821414054779472,0.41548798104659607,0.00028839977898735,0.00012174916840415513,nan,1.1882855810441129e-16,2.3505503099485736e-16,2,0.03663886042122133,0.4205612136833697
regular,0.05,6.6607465352142015e-06,2.9481341352704873,0.19274181392379183,0.4355984098599824,3.455727150217504e-05,1.5171461384170523e-05,3.00447995381355,8.500145032286355e-17,1.0842021724855044e-16,2,0.017712956174257173,0.4386662342913581
regular,0.025,8.471824342048961e-07,2.974939301968091,0.20029081063751214,0.44580473064101594,4.229752914593553e-06,1.892977755091617e-06,3.0026306964840606,9.75781955236954e-18,-1.573177352276467e-16,2,0.008696684190219994,0.4474541075033368
regular,0.0125,1.0680609197066815e-07,2.98767873892928,0.20412677957495654,0.45093185933155805,5.232340994049321e-07,2.3639921569735657e-07,3.001360303429534,2.779254690971067e-14,2.953366717850514e-16,1,0.004307365096969733,0.4517833841354482
regular,0.00625,1.3407418952837702e-08,2.9938904998537854,0.20605890765896634,0.45349983266131466,6.506594998727252e-08,2.9535849889979376e-08,3.0006862180681377,5.3890268983392e-16,3.7266739173758e-16,1,0.002143309327874598,0.45393205866527137
regular,0.003125,1.679464789461349e-09,2.9969580779499956,0.20702835504769834,0.4547847322519866,8.112245482472464e-09,3.6911015830559536e-09,3.0003437781572004,1.1481701006621492e-16,-4.8518047218726323e-17,1,0.0010690452122400888,0.4550024309715636
turning,0.1,1.6159979621122034e-06,nan,0.0023253903518344375,0.048037814901543706,-0.0006950591463906204,3.3517351644436325e-05,nan,1.5770821741633093e-16,-1.2675848055660605e-16,2,0.03402556961079403,0.0341709081602384
turning,0.05,1.013222046264417e-07,3.9954031001497903,0.0005820436966941652,0.024079359288962945,-0.0001740876900184938,4.199966804905414e-06,2.9964583292825373,3.6473132829651766e-17,-3.769741307578945e-17,2,0.017050267807035203,0.017068452314212446
turning,0.025,6.344794023505074e-09,3.99723323388357,0.0001455548428775582,0.012053035330435986,-4.359039936610637e-05,5.259012200315705e-07,2.997514176545487,6.934668150501094e-14,-2.928014492343601e-16,1,0.008529831004602738,0.008532105596538058
turning,0.0125,3.9696224085616905e-10,3.9984996398712243,3.639146964326185e-05,0.006029637295886369,-1.0908118179818157e-05,6.58035977531213e-08,2.9985534744159814,1.1595695742910548e-15,2.107497961133933e-16,1,0.004265503666330772,0.0042657881001967966
turning,0.00625,2.4823920696803725e-11,3.9991988861701175,9.098040298949814e-06,0.0030155711433465047,-2.728501161006655e-06,8.229970224277677e-09,2.9992073480311428,3.2059783752782206e-16,9.28217661740162e-17,1,0.002132825427048072,0.0021328609885988875
turning,0.003125,1.5516476992161188e-12,3.999858056434672,2.2745208947536854e-06,0.001507970268185197,-6.823383054813257e-07,1.029076772822989e-09,2.9995365945619175,1.5854042002332852e-16,3.4503389197958895e-16,1,0.0010664219176348708,0.0010664263633001817
