method,h,state_error,observed_order,max_balance_residual,max_correction_norm_h,max_identity_error,total_scalar_newton_iterations
sav,0.1,0.0007004460505013029,nan,0.0,0.0,0.0,0
sav,0.05,0.0001822093324034472,1.942677083173721,0.0,0.0,0.0,0
sav,0.025,4.645705738248378e-05,1.9716271720379648,0.0,0.0,0.0,0
sav,0.0125,1.1728516181506997e-05,1.9858772717225808,0.0,0.0,0.0,0
sav,0.00625,2.9464853030188022e-06,1.9929535289600704,0.0,0.0,0.0,0
sav,0.003125,7.384206137994524e-07,1.9964803370572932,0.0,0.0,0.0,0
minimum-balance,0.1,0.00010080064664796775,nan,9.021646277251882e-16,0.00012017437761608003,8.791795416684955e-16,20
minimum-balance,0.05,3.595370991998555e-05,1.487292344517688,1.7526445575588898e-13,1.5072935576243927e-05,7.249568648301161e-16,39
minimum-balance,0.025,1.0070791515011084e-05,1.8359635677124457,3.3580465154545985e-15,1.8868874603654398e-06,6.541533807691291e-16,79
minimum-balance,0.0125,2.611870280797767e-06,1.947021924622752,2.8122415420689384e-14,2.3602222087280885e-07,6.349816370409753e-16,80
minimum-balance,0.00625,6.595523133159822e-07,1.985524248340584,6.350443174790721e-16,2.951242800864199e-08,8.363904017885237e-16,160
minimum-balance,0.003125,1.6565915776809046e-07,1.9932691344578726,3.820559049249467e-16,3.689642538319577e-09,7.87383193042758e-16,320
