method,h_s,reference_cct_s,cct_s,cct_error_ms
minimum-balance-ecsav,0.005,0.7085010544396937,0.7085056786196209,0.004624179927192884
RK4,0.005,0.7085010544396937,0.7085010755546706,2.1114976878067182e-05
midpoint,0.005,0.7085010544396937,0.7085254844678934,0.02443002819974005
sav,0.005,0.7085010544396937,0.7084541580761399,-0.046896363553816656
ecsav,0.005,0.7085010544396937,0.7085087191762853,0.007664736591639354
minimum-balance-ecsav,0.01,0.7085010544396937,0.7085095215454051,0.008467105711451595
RK4,0.01,0.7085010544396937,0.7085010755546706,2.1114976878067182e-05
midpoint,0.01,0.7085010544396937,0.7085987956674695,0.09774122777583827
sav,0.01,0.7085010544396937,0.7083135323304093,-0.18752210928441038
ecsav,0.01,0.7085010544396937,0.7085278071153454,0.026752675651664504
minimum-balance-ecsav,0.02,0.7085010544396937,0.7084711345175165,-0.029919922177157332
RK4,0.02,0.7085010544396937,0.7085011600145779,0.0001055748841682913
midpoint,0.02,0.7085010544396937,0.7088936874339671,0.3926329942733897
sav,0.02,0.7085010544396937,0.7077515361069309,-0.7495183327628219
ecsav,0.02,0.7085010544396937,0.708585451002109,0.08439656241532312
minimum-balance-ecsav,0.04,0.7085010544396937,0.7080089276745669,-0.4921267651267769
RK4,0.04,0.7085010544396937,0.7085031448224004,0.0020903827067098035
midpoint,0.04,0.7085010544396937,0.710075154847873,1.5741004081792909
sav,0.04,0.7085010544396937,0.7055071407590789,-2.993913680614746
ecsav,0.04,0.7085010544396937,0.7087026813535049,0.20162691381120368
